signal,horizon,n,direction_hit_rate,direction_n,hit_zstat,ic,ic_tstat
trend_score,5,16021,0.5085330656293136,15938,2.1545272572763032,0.012470612312234544,1.578480609505214
momentum_score,5,16541,0.502720677146312,16540,0.6998013191872058,0.003945788182983318,0.5074482653647774
relative_strength_score,5,4761,0.4896030245746692,4761,-1.4347826086956506,-0.004086618608040178,-0.2819198054807467
condition_score,5,16541,0.5075574365175333,16540,1.9438925532978,0.0024914305139575018,0.32040903257732856
institutional_flow_score,5,0,,0,,,
options_sentiment_score,5,481,0.4817987152034261,467,-0.7866661827506719,0.008557412506639765,0.18729497526681368
ml_pred_return_5d,5,8006,0.5248563577317013,8006,4.448107547534593,-0.008074245667420795,-0.7223865580519543
