signal,horizon,n,direction_hit_rate,direction_n,hit_zstat,ic,ic_tstat
trend_score,5,16020,0.5085022275208634,15937,2.146673546748071,0.01230652123845371,1.557658824218783
momentum_score,5,16540,0.5028115363685833,16539,0.7231498907947767,0.00413909305000133,0.5322925696076262
relative_strength_score,5,4761,0.49002310438983404,4761,-1.3768115942029022,-0.0032053475285865715,-0.22112365622389774
condition_score,5,16540,0.5077090513332124,16539,1.9828303457276282,0.0026409717406708664,0.33963056099467004
institutional_flow_score,5,0,,0,,,
options_sentiment_score,5,480,0.49375,480,-0.2738612787525821,0.020250721121892825,0.442836602118944
