signal,horizon,n,direction_hit_rate,direction_n,hit_zstat,ic,ic_tstat
trend_score,5,16020,0.508564974587438,15937,2.1625161559491564,0.012430602551725992,1.5733664372271063
momentum_score,5,16540,0.5027510732208719,16539,0.7075982802400516,0.003932711098896077,0.5057511699804997
relative_strength_score,5,4761,0.4896030245746692,4761,-1.4347826086956506,-0.0040835043928542075,-0.2817049643934169
condition_score,5,16540,0.5075881250377895,16539,1.951727124618178,0.002466488351720678,0.3171917504515203
institutional_flow_score,5,0,,0,,,
options_sentiment_score,5,481,0.4817987152034261,467,-0.7866661827506719,0.00841839959639486,0.18425220034853185
ml_pred_return_5d,5,8006,0.5251061703722208,8006,4.492812146002275,-0.008079548327716764,-0.7228610073897592
