signal,horizon,n,direction_hit_rate,direction_n,hit_zstat,ic,ic_tstat
trend_score,5,16021,0.5085330656293136,15938,2.1545272572763032,0.012469217744762817,1.5783040632386116
momentum_score,5,16541,0.502720677146312,16540,0.6998013191872058,0.003949030472731433,0.5078652466826185
relative_strength_score,5,4761,0.4896030245746692,4761,-1.4347826086956506,-0.004056680327302567,-0.2798544466832384
condition_score,5,16541,0.5079201934703749,16540,2.037199395856096,0.002715662281528772,0.34924643795446286
institutional_flow_score,5,1379,0.48368382886149386,1379,-1.2117984165964035,0.026239813265254985,0.9740410801236676
options_sentiment_score,5,481,0.4817987152034261,467,-0.7866661827506719,0.007206284697984693,0.15772133678491973
ml_pred_return_5d,5,8006,0.5254808893330003,8006,4.5598690437038085,-0.009585620388517228,-0.8576176676380263
