signal,horizon,n,direction_hit_rate,direction_n,hit_zstat,ic,ic_tstat
trend_score,5,16020,0.5087212950181955,15938,2.2020535938338814,0.012518079416321397,1.5844402896529968
momentum_score,5,16540,0.5027510732208719,16539,0.7075982802400516,0.003614100098114959,0.4647768700881583
relative_strength_score,5,4761,0.48939298466708675,4761,-1.4637681159420284,-0.004951659570031521,-0.34159692743352404
condition_score,5,16540,0.5080113670717697,16539,2.060588398501254,0.002798356571760794,0.3598704993709966
institutional_flow_score,5,1382,0.4840810419681621,1382,-1.183582826337783,0.026046954124033458,0.9679297992885173
options_sentiment_score,5,481,0.498960498960499,481,-0.0455960752587541,0.019428063969734986,0.42528421062295535
ml_pred_return_5d,5,8006,0.5233574818885836,8006,4.179879956728481,-0.008410408734736525,-0.7524644781804055
