signal,horizon,n,direction_hit_rate,direction_n,hit_zstat,ic,ic_tstat
trend_score,5,16020,0.508564974587438,15937,2.1625161559491564,0.012461575004215499,1.5772872911255502
momentum_score,5,16540,0.5027510732208719,16539,0.7075982802400516,0.003933931448355805,0.5059081107528463
relative_strength_score,5,4761,0.4896030245746692,4761,-1.4347826086956506,-0.004063190751483564,-0.28030358269251393
condition_score,5,16540,0.5079509039240583,16539,2.045036787946529,0.002704123950469203,0.3477520320116744
institutional_flow_score,5,1379,0.48368382886149386,1379,-1.2117984165964035,0.026254337646111254,0.9745806075633423
options_sentiment_score,5,481,0.4817987152034261,467,-0.7866661827506719,0.007260713889462035,0.15891267130639983
ml_pred_return_5d,5,8006,0.5257307019735199,8006,4.6045736421714905,-0.009571491540652809,-0.856353455195243
